season_start,date,player_name,team_abv,player_id
1990,"July 24, 1990",Melvin Turpin,WSB,-3
1990,"October 19, 1990",Steve Bardo,ATL,-3
1990,"October 30, 1990",Mike Holton,CHH,-3
1990,"May 21, 1991",Dave Greenwood,SAS,-3
1991,"October 29, 1991",MiloÅ¡ BabiÄ,MIA,-3
1991,"October 30, 1991",Michael Smith,BOS,-3
1991,"November 12, 1991",JoÃ£o Vianna,DAL,-3
1991,"November 12, 1991",Steve Bardo,SAS,-3
1991,"December 31, 1991",MiloÅ¡ BabiÄ,MIA,-3
1991,"January 7, 1992",Ron Grandison,CHH,-3
1992,"October 22, 1992",Ron Grandison,ORL,-3
1992,"October 26, 1992",Michael Smith,MIL,-3
1992,"November 2, 1992",LaMark Baker,CHH,-3
1992,"November 5, 1992",Jo Jo English,CHI,-3
1992,"December 15, 1992",Jo Jo English,CHI,-3
1992,"January 6, 1993",Steve Bardo,DAL,-3
1993,"November 2, 1993",Isaac Austin,UTA,-3
1993,"November 2, 1993",Rich Manning,ATL,-3
1993,"December 6, 1993",LaBradford Smith,WSB,-3
1993,"January 5, 1994",Jo Jo English,MIN,-3
1994,"October 27, 1994",Steve Bardo,PHI,-3
1994,"October 31, 1994",LaBradford Smith,SAC,-3
1994,"October 31, 1994",Rich Manning,UTA,-3
1994,"November 1, 1994",Albert Burditt,HOU,-3
1994,"November 18, 1994",Jo Jo English,CHI,-3
1994,"December 15, 1994",Ron Grandison,NYK,-3
1995,"October 13, 1995",Charles Smith,PHI,-3
1995,"November 27, 1995",Rich Manning,VAN,-3
1995,"January 4, 1996",Logan Vander Velden,LAC,-3
1995,"January 5, 1996",Steve Bardo,DET,-3
1995,"January 5, 1996",Ron Grandison,MIA,-3
1996,"October 29, 1996",Richard PetruÅ¡ka,WSB,-3
1996,"January 6, 1997",Rich Manning,VAN,-3
1996,"February 27, 1997",Eddie Johnson,DEN,-3
1997,"October 8, 1997",KornÃ©l DÃ¡vid,CHI,-3
1997,"October 28, 1997",Rich Manning,LAC,-3
1997,"January 6, 1998",Charles Smith,SAS,-3
1997,"February 28, 1998",George ZÃ­dek,DEN,-3
1997,"March 27, 1998",George ZÃ­dek,SEA,-3
1998,"January 22, 1999",Isaac Fontaine,SAC,-3
1998,"January 27, 1999",Martin MÃ¼Ã¼rsepp,CHI,-3
1998,"February 19, 1999",LaMark Baker,TOR,-3
1999,"August 4, 1999",Charles Jones,CHI,-3
1999,"January 3, 2000",KornÃ©l DÃ¡vid,CHI,-3
1999,"February 9, 2000",Mirsad TÃ¼rkcan,NYK,-3
2000,"July 7, 2000",Charles Jones,LAC,-3
2000,"July 25, 2000",Isaac Fontaine,CLE,-3
2000,"September 26, 2000",Bruno Å undov,UTA,-3
2000,"October 4, 2000",Jaquay Walls,IND,-3
2000,"October 30, 2000",Cory Hightower,LAL,-3
2000,"December 19, 2000",Ademola Okulaja,PHI,-3
2000,"February 22, 2001",Felipe LÃ³pez,WAS,-3
2000,"February 28, 2001",RubÃ©n GarcÃ©s,GSW,-3
2000,"March 12, 2001",Pepe SÃ¡nchez,ATL,-3
2001,"July 25, 2001",Michael Smith,WAS,-3
2001,"October 4, 2001",Cory Hightower,CHH,-3
2001,"October 10, 2001",Larry Johnson,NYK,-3
2001,"October 10, 2001",Eric Chenowith,SAC,-3
2001,"October 24, 2001",Scoonie Penn,ATL,-3
2001,"October 25, 2001",Isaac Fontaine,LAL,-3
2001,"October 29, 2001",Aleksandar RadojeviÄ,MIL,-3
2001,"February 28, 2002",Isaac Austin,MEM,-3
2002,"October 9, 2002",Eric Chenowith,SEA,-3
2002,"October 24, 2002",Ãscar Torres,HOU,-3
2002,"October 24, 2002",Cedric Henderson,MIL,-3
2002,"October 24, 2002",Eric Chenowith,LAC,-3
2002,"December 27, 2002",Ãscar Torres,GSW,-3
2002,"February 21, 2003",RubÃ©n Wolkowyski,BOS,-3
2002,"May 7, 2003",Igor RakoÄeviÄ,MIN,-3
2003,"August 4, 2003",Predrag SavoviÄ,DEN,-3
2003,"August 8, 2003",Efthimis Rentzias,PHI,-3
2003,"September 4, 2003",Dalibor BagariÄ,CHI,-3
2003,"October 26, 2003",Ken Johnson,TOR,-3
2003,"October 31, 2003",Pepe SÃ¡nchez,GSW,-3
2003,"November 21, 2003",Wang Zhizhi,LAC,-3
2003,"December 24, 2003",Slavko VraneÅ¡,NYK,-3
2004,"October 15, 2004",Bruno Å undov,CLE,-3
2004,"October 28, 2004",Cezary TrybaÅski,CHI,-3
2004,"January 3, 2005",JÃ©rÃ´me MoÃ¯so,NJN,-3
2004,"February 24, 2005",Romain Sato,SAS,-3
2004,"June 29, 2005",Mamadou N'Diaye,LAC,-3
2005,"August 15, 2005",Clarence Weatherspoon,HOU,-3
2005,"August 16, 2005",RaÃ¼l LÃ³pez,MEM,-3
2005,"October 27, 2005",Eric Chenowith,DEN,-3
2006,"August 11, 2006",Zoran PlaniniÄ,NJN,-3
2006,"October 6, 2006",Eric Chenowith,CHI,-3
2006,"October 28, 2006",Ha Seung-Jin,MIL,-3
2007,"September 20, 2007",Å arÅ«nas JasikeviÄius,GSW,-3
2007,"October 12, 2007",Eric Chenowith,NOH,-3
2007,"October 29, 2007",Mile IliÄ,NOH,-3
2007,"October 30, 2007",D.J. Mbenga,DAL,-3
2007,"November 17, 2007",StÃ©phane Lasme,GSW,-3
2007,"December 18, 2007",Brandon Wallace,BOS,-3
2007,"February 22, 2008",Ronald Murray,DET,-3
2007,"February 29, 2008",Gordan GiriÄek,PHI,-3
2008,"July 29, 2008",Bobby Jones,NYK,-3
2008,"August 15, 2008",Bobby Jones,MIA,-3
2008,"October 20, 2008",Ron Howard,MIL,-3
2009,"October 7, 2009",Ron Howard,NYK,-3
2009,"October 10, 2009",MickaÃ«l Gelabale,LAL,-3
2009,"December 24, 2009",Marko JariÄ,MEM,-3
2009,"January 4, 2010",Roko UkiÄ,MIL,-3
2010,"August 14, 2010",Brian Butch,DEN,-3
2010,"January 20, 2011",Peja StojakoviÄ,TOR,-3
2011,"December 13, 2011",Patrick Ewing,NOH,-3
2011,"December 19, 2011",Ron Howard,MIL,-3
2011,"December 22, 2011",Mike Sweetney,BOS,-3
2011,"December 22, 2011",MickaÃ«l PiÃ©trus,PHO,-3
2011,"December 23, 2011",Brian Butch,NOH,-3
2011,"February 7, 2012",Hamady N'Diaye,WAS,-3
2011,"March 19, 2012",J.J. Hickson,SAC,-3
2011,"March 20, 2012",AndrÃ©s Nocioni,PHI,-3
2011,"April 16, 2012",Roger Mason,WAS,-3
2012,"July 12, 2012",Darko MiliÄiÄ,MIN,-3
2012,"October 18, 2012",Brian Butch,UTA,-3
2012,"October 22, 2012",Walker Russell,OKC,-3
2012,"October 24, 2012",Marko JariÄ,CHI,-3
2012,"October 26, 2012",Hamady N'Diaye,SAC,-3
2012,"October 27, 2012",Ronald Murray,MEM,-3
2012,"November 21, 2012",Darko MiliÄiÄ,BOS,-3
2013,"July 7, 2013",MickaÃ«l Gelabale,MIN,-3
2013,"October 2, 2013",Justin Brownlee,NYK,-3
2013,"October 9, 2013",Eric Boateng,LAL,-3
2013,"October 15, 2013",Myck Kabongo,SAS,-3
2013,"October 15, 2013",Brandon Heath,SAC,-3
2013,"October 16, 2013",D'or Fischer,WAS,-3
2013,"October 17, 2013",Ron Howard,IND,-3
2013,"October 21, 2013",Charlie Westbrook,MIA,-3
2013,"October 24, 2013",Trent Lockett,SAC,-3
2013,"October 25, 2013",Khalif Wyatt,PHI,-3
2013,"October 25, 2013",Mac Koshwal,PHI,-3
2013,"October 25, 2013",C.J. Leslie,NYK,-3
2013,"October 25, 2013",Kenny Kadji,CLE,-3
2013,"October 26, 2013",Eric Griffin,MIA,-3
2013,"October 26, 2013",D.J. White,CHI,-3
2013,"October 26, 2013",Mickey McConnell,DAL,-3
2013,"October 27, 2013",Rodney Williams,PHI,-3
2013,"January 6, 2014",Hamady N'Diaye,SAC,-3
2013,"February 22, 2014",Roger Mason,SAC,-3
2013,"April 3, 2014",A.J. Price,MIN,-3
2013,"April 5, 2014",Andris BiedriÅÅ¡,UTA,-3
2014,"July 15, 2014",Mike James,CHI,-3
2014,"September 25, 2014",Chris Johnson,BOS,-3
2014,"October 10, 2014",Dee Bost,UTA,-3
2014,"October 13, 2014",Chris Johnson,MIA,-3
2014,"October 13, 2014",Luke Hancock,MEM,-3
2014,"October 13, 2014",Chris Johnson,MIA,-3
2014,"October 14, 2014",Joe Jackson,PHO,-3
2014,"October 14, 2014",Casey Prather,PHO,-3
2014,"October 16, 2014",Chris Wright,MIL,-3
2014,"October 19, 2014",Stephen Holt,CLE,-3
2014,"October 20, 2014",Josh Bostic,DET,-3
2014,"October 21, 2014",Eric Griffin,DAL,-3
2014,"October 21, 2014",Yuki Togashi,DAL,-3
2014,"October 21, 2014",Christian Watford,BOS,-3
2014,"October 22, 2014",Marcus Williams,DEN,-3
2014,"October 23, 2014",Akil Mitchell,HOU,-3
2014,"October 24, 2014",Tre Bussey,UTA,-3
2014,"October 24, 2014",Justin Cobbs,CHO,-3
2014,"October 24, 2014",Michael Jenkins,OKC,-3
2014,"October 24, 2014",Dallas Lauderdale,CHO,-3
2014,"October 24, 2014",D.J. Mbenga,NYK,-3
2014,"October 24, 2014",Brian Qvale,CHO,-3
2014,"October 24, 2014",Orlando SÃ¡nchez,NYK,-3
2014,"October 24, 2014",Richard Solomon,OKC,-3
2014,"October 24, 2014",D.J. Stephens,NOP,-3
2014,"October 24, 2014",Talib Zanna,OKC,-3
2014,"October 25, 2014",Akeem Richmond,HOU,-3
2014,"October 25, 2014",Geron Johnson,HOU,-3
2014,"October 25, 2014",Robert Vaden,SAS,-3
2014,"October 25, 2014",Fuquan Edwin,SAS,-3
2014,"October 25, 2014",Jordan Vandenberg,NYK,-3
2014,"October 25, 2014",Kadeem Batts,ORL,-3
2014,"October 25, 2014",Aaron Craft,GSW,-3
2014,"October 25, 2014",Drew Crawford,ORL,-3
2014,"October 25, 2014",C.J. Fair,IND,-3
2014,"October 25, 2014",Brady Heslip,MIN,-3
2014,"October 25, 2014",Shawn Jones,MIA,-3
2014,"October 25, 2014",Brock Motum,UTA,-3
2014,"October 25, 2014",Ronald Roberts,PHI,-3
2014,"October 25, 2014",Roscoe Smith,LAL,-3
2014,"October 25, 2014",Mitchell Watt,GSW,-3
2014,"November 1, 2014",A.J. Price,CLE,-3
2014,"November 11, 2014",Nemanja NedoviÄ,GSW,-3
2014,"November 28, 2014",A.J. Price,IND,-3
2014,"November 30, 2014",Patric Young,NOP,-3
2014,"December 12, 2014",Jorge GutiÃ©rrez,PHI,-3
2014,"December 15, 2014",Ronald Roberts,PHI,-3
2014,"December 18, 2014",VÃ­tor Luiz Faverani,BOS,-3
2014,"December 19, 2014",Francisco GarcÃ­a,HOU,-3
2014,"January 7, 2015",A.J. Price,CLE,-3
2014,"January 7, 2015",Glen Rice Jr.,WAS,-3
2014,"January 9, 2015",Tony Mitchell,PHO,-3
2015,"August 10, 2015",Zoran DragiÄ,BOS,-3
2015,"September 18, 2015",Remi Yusuf,HOU,-3
2015,"October 5, 2015",Dan Nwaelele,MEM,-3
2015,"October 7, 2015",Eric Griffin,DET,-3
2015,"October 7, 2015",Jon Horford,MIL,-3
2015,"October 7, 2015",Charlie Westbrook,MIL,-3
2015,"October 7, 2015",Michael Holyfield,MEM,-3
2015,"October 10, 2015",Edgar Sosa,ATL,-3
2015,"October 10, 2015",Arsalan Kazemi,ATL,-3
2015,"October 10, 2015",Michael Dunigan,CLE,-3
2015,"October 12, 2015",Tony Mitchell,GSW,-3
2015,"October 13, 2015",J.J. O'Brien,UTA,-3
2015,"October 13, 2015",Jake Anderson,CHI,-3
2015,"October 13, 2015",Stefhon Hannah,CHI,-3
2015,"October 15, 2015",Corey Webster,NOP,-3
2015,"October 15, 2015",Matt Janning,DEN,-3
2015,"October 15, 2015",Marshall Henderson,SAC,-3
2015,"October 15, 2015",Vince Hunter,SAC,-3
2015,"October 15, 2015",Juwan Staten,GSW,-3
2015,"October 15, 2015",Kyle Casey,PHO,-3
2015,"October 15, 2015",Terrico White,PHO,-3
2015,"October 15, 2015",Mirza BegiÄ,NOP,-3
2015,"October 19, 2015",Corey Hawkins,MIA,-3
2015,"October 20, 2015",Ryan Boatright,BRK,-3
2015,"October 20, 2015",Chris Daniels,BRK,-3
2015,"October 20, 2015",Levi Randolph,BOS,-3
2015,"October 20, 2015",Robert Upshaw,LAL,-3
2015,"October 20, 2015",Michael Frazier,LAL,-3
2015,"October 21, 2015",Youssou Ndoye,SAS,-3
2015,"October 21, 2015",Jorge GutiÃ©rrez,MIL,-3
2015,"October 21, 2015",Deshaun Thomas,SAS,-3
2015,"October 22, 2015",Marcus Simmons,CHI,-3
2015,"October 22, 2015",Jarrid Famous,DAL,-3
2015,"October 22, 2015",Nick Minnerath,CLE,-3
2015,"October 22, 2015",Terran Petteway,ATL,-3
2015,"October 22, 2015",Michael Qualls,OKC,-3
2015,"October 22, 2015",Talib Zanna,OKC,-3
2015,"October 22, 2015",Dez Wells,OKC,-3
2015,"October 22, 2015",Melvin Ejim,ORL,-3
2015,"October 22, 2015",E.J. Singler,UTA,-3
2015,"October 23, 2015",Jordan Bachynski,DET,-3
2015,"October 23, 2015",Darion Atkins,NYK,-3
2015,"October 23, 2015",Travis Trice,NYK,-3
2015,"October 23, 2015",Wesley Saunders,NYK,-3
2015,"October 23, 2015",Chris Walker,HOU,-3
2015,"October 23, 2015",Will Cummings,HOU,-3
2015,"October 23, 2015",Denzel Livingston,HOU,-3
2015,"October 23, 2015",Jonathan Holmes,LAL,-3
2015,"October 23, 2015",D.J. Stephens,CLE,-3
2015,"October 23, 2015",Chris Udofia,GSW,-3
2015,"October 24, 2015",Brandon Ashley,DAL,-3
2015,"October 24, 2015",Sampson Carter,MEM,-3
2015,"October 24, 2015",Mike Cobbins,OKC,-3
2015,"October 24, 2015",Nnanna Egwu,ORL,-3
2015,"October 24, 2015",C.J. Fair,IND,-3
2015,"October 24, 2015",Mustapha Farrakhan,OKC,-3
2015,"October 24, 2015",Tu Holloway,DAL,-3
2015,"October 24, 2015",Kadeem Jack,IND,-3
2015,"October 24, 2015",Jaron Johnson,WAS,-3
2015,"October 24, 2015",Lazeric Jones,MEM,-3
2015,"October 24, 2015",Perry Jones,BOS,-3
2015,"October 24, 2015",Arsalan Kazemi,HOU,-3
2015,"October 24, 2015",Tre Kelley,MIA,-3
2015,"October 24, 2015",Michale Kyser,TOR,-3
2015,"October 24, 2015",Bo McCalebb,NOP,-3
2015,"October 24, 2015",Kleon Penn,MIN,-3
2015,"October 24, 2015",Jaleel Roberts,WAS,-3
2015,"October 24, 2015",Shannon Scott,TOR,-3
2015,"October 24, 2015",Joshua Smith,HOU,-3
2015,"October 24, 2015",Devin Sweetney,DEN,-3
2015,"October 24, 2015",Sam Thompson,CHO,-3
2015,"October 24, 2015",Corey Walden,BOS,-3
2015,"October 24, 2015",Jason Washburn,CHO,-3
2015,"October 24, 2015",Nick Wiggins,MIN,-3
2015,"October 24, 2015",Reggie Williams,SAS,-3
2015,"October 24, 2015",Ronald Roberts,TOR,-3
2015,"October 25, 2015",Ryan Boatright,DET,-3
2015,"October 25, 2015",J.P. Tokoto,PHI,-3
2015,"October 26, 2015",Eric Atkins,UTA,-3
2015,"October 26, 2015",Terran Petteway,IND,-3
2015,"October 26, 2015",Jordan Railey,PHI,-3
2015,"October 26, 2015",Scottie Wilbekin,PHI,-3
2015,"February 18, 2016",Anderson VarejÃ£o,POR,-3
2015,"February 19, 2016",J.J. Hickson,DEN,-3
2015,"March 2, 2016",James Ennis,MEM,-3
2015,"June 29, 2016",Johnny O'Bryant,MIL,-3
2016,"August 31, 2016",Tibor PleiÃ,PHI,-3
2016,"September 17, 2016",Alec Brown,PHO,-3
2016,"September 17, 2016",Tomislav ZubÄiÄ,OKC,-3
2016,"September 17, 2016",Alec Brown,PHO,-3
2016,"September 23, 2016",Marcus Denmon,SAS,-3
2016,"September 29, 2016",Ryan Richards,SAS,-3
2016,"October 1, 2016",Richard Solomon,ATL,-3
2016,"October 4, 2016",Vince Hunter,CHI,-3
2016,"October 9, 2016",Scott Wood,GSW,-3
2016,"October 9, 2016",Elgin Cook,GSW,-3
2016,"October 10, 2016",Gracin Bakumanya,PHO,-3
2016,"October 10, 2016",Derek Cooke,PHO,-3
2016,"October 12, 2016",Zach Auguste,LAL,-3
2016,"October 12, 2016",Julian Jacobs,LAL,-3
2016,"October 13, 2016",Quincy Ford,UTA,-3
2016,"October 17, 2016",Nikola JovanoviÄ,DET,-3
2016,"October 17, 2016",Nick Zeisloft,IND,-3
2016,"October 17, 2016",Stefan JankoviÄ,MIA,-3
2016,"October 18, 2016",Jorge GutiÃ©rrez,BRK,-3
2016,"October 18, 2016",Beau Beech,BRK,-3
2016,"October 18, 2016",Egidijus MockeviÄius,BRK,-3
2016,"October 20, 2016",Andrew Andrews,CHO,-3
2016,"October 20, 2016",Vince Hunter,MEM,-3
2016,"October 20, 2016",Cameron Jones,GSW,-3
2016,"October 20, 2016",Jonathan Holmes,CLE,-3
2016,"October 21, 2016",J.J. Avila,CHI,-3
2016,"October 21, 2016",D'Vauntes Smith-Rivera,CHI,-3
2016,"October 21, 2016",Thomas Walkup,CHI,-3
2016,"October 21, 2016",Shawn Dawson,NOP,-3
2016,"October 21, 2016",J.P. Tokoto,NYK,-3
2016,"October 21, 2016",Johnny O'Bryant,WAS,-3
2016,"October 21, 2016",Kellen Dunham,MEM,-3
2016,"October 22, 2016",Quincy Ford,NOP,-3
2016,"October 22, 2016",Rasheed Sulaimon,CHO,-3
2016,"October 22, 2016",Perry Ellis,CHO,-3
2016,"October 22, 2016",Keith Hornsby,DAL,-3
2016,"October 22, 2016",Jaleel Cousins,DAL,-3
2016,"October 22, 2016",D.J. Stephens,MEM,-3
2016,"October 22, 2016",Vashil Fernandez,MIA,-3
2016,"October 22, 2016",Mamadou N'Diaye,DET,-3
2016,"October 22, 2016",Trey Freeman,DET,-3
2016,"October 22, 2016",Drew Crawford,TOR,-3
2016,"October 22, 2016",Brady Heslip,TOR,-3
2016,"October 22, 2016",E.J. Singler,TOR,-3
2016,"October 22, 2016",Yanick Moreira,TOR,-3
2016,"October 22, 2016",Ramon Galloway,ORL,-3
2016,"October 22, 2016",Chris Johnson,UTA,-3
2016,"October 22, 2016",Livio Jean-Charles,SAS,-3
2016,"October 22, 2016",Jaleel Roberts,MIL,-3
2016,"October 22, 2016",J.J. O'Brien,MIL,-3
2016,"October 22, 2016",Chris Obekpa,GSW,-3
2016,"October 24, 2016",R.J. Hunter,BOS,-3
2016,"October 24, 2016",P.J. Hairston,HOU,-3
2016,"October 24, 2016",Le'Bryan Nash,HOU,-3
2016,"October 24, 2016",Chris Wright,OKC,-3
2016,"October 24, 2016",Kaleb Tarczewski,OKC,-3
2016,"October 24, 2016",Isaiah Cousins,SAC,-3
2016,"November 9, 2016",Greivis VÃ¡squez,BRK,-3
2016,"December 27, 2016",NicolÃ¡s LaprovÃ­ttola,SAS,-3
2016,"December 29, 2016",R.J. Hunter,CHI,-3
2016,"February 3, 2017",Anderson VarejÃ£o,GSW,-3
2016,"February 27, 2017",JosÃ© CalderÃ³n,LAL,-3
2016,"March 1, 2017",Danuel House,WAS,-3
2016,"March 2, 2017",JosÃ© CalderÃ³n,GSW,-3
2016,"April 4, 2017",Prince Ibeh,BRK,-3
2016,"June 20, 2017",Nikola PekoviÄ,MIN,-3
2017,"July 20, 2017",NicolÃ¡s Brussino,DAL,-3
2017,"July 31, 2017",Kevin SÃ©raphin,IND,-3
2017,"September 10, 2017",Jalen Moore,MIL,-3
2017,"September 21, 2017",Bronson Koenig,MIL,-3
2017,"September 22, 2017",JeQuan Lewis,MIL,-3
2017,"September 27, 2017",JaCorey Williams,CLE,-3
2017,"October 1, 2017",Alex Hamilton,GSW,-3
2017,"October 5, 2017",Jeremy Morgan,MEM,-3
2017,"October 5, 2017",Devin Williams,BOS,-3
2017,"October 7, 2017",Taylor Braun,UTA,-3
2017,"October 7, 2017",Kennedy Meeks,TOR,-3
2017,"October 7, 2017",Jordan Mathews,ATL,-3
2017,"October 9, 2017",V.J. Beachem,LAL,-3
2017,"October 10, 2017",LaDontae Henton,LAC,-3
2017,"October 10, 2017",Marcus Williams,SAC,-3
2017,"October 10, 2017",Landry Nnoko,DET,-3
2017,"October 10, 2017",Derek Willis,DET,-3
2017,"October 11, 2017",Jeremy Senglin,BRK,-3
2017,"October 11, 2017",Peter Jok,PHO,-3
2017,"October 11, 2017",Bryce Alford,OKC,-3
2017,"October 11, 2017",Rashawn Thomas,OKC,-3
2017,"October 12, 2017",Daniel Dixon,BOS,-3
2017,"October 12, 2017",Jonathan Holmes,BOS,-3
2017,"October 12, 2017",L.J. Peak,BOS,-3
2017,"October 12, 2017",Andrew White,BOS,-3
2017,"October 12, 2017",Torian Graham,UTA,-3
2017,"October 12, 2017",Akil Mitchell,BRK,-3
2017,"October 13, 2017",Brandon Ashley,DAL,-3
2017,"October 13, 2017",Trevor Thompson,GSW,-3
2017,"October 13, 2017",George de Paula,HOU,-3
2017,"October 13, 2017",Chris Johnson,HOU,-3
2017,"October 13, 2017",Kamari Murphy,BRK,-3
2017,"October 13, 2017",Tidjan Keita,PHO,-3
2017,"October 14, 2017",Kendall Pollard,UTA,-3
2017,"October 14, 2017",Ike Iroegbu,LAC,-3
2017,"October 14, 2017",Danuel House,HOU,-3
2017,"October 14, 2017",Marc Loving,PHI,-3
2017,"October 14, 2017",Andrew Andrews,PHI,-3
2017,"October 14, 2017",Isaac Hamilton,CLE,-3
2017,"October 14, 2017",Davion Berry,TOR,-3
2017,"October 14, 2017",Matt Jones,SAC,-3
2017,"October 14, 2017",James Blackmon,PHI,-3
2017,"October 14, 2017",Damjan RudeÅ¾,ORL,-3
2017,"October 14, 2017",Chris Wright,OKC,-3
2017,"October 14, 2017",Yannis Morin,OKC,-3
2017,"October 14, 2017",Perry Jones,NOP,-3
2017,"October 14, 2017",Melo Trimble,MIN,-3
2017,"October 14, 2017",Tony Mitchell,MIA,-3
2017,"October 14, 2017",Durand Scott,MEM,-3
2017,"October 14, 2017",Bronson Koenig,CHI,-3
2017,"October 14, 2017",Jaylen Johnson,CHI,-3
2017,"October 14, 2017",T.J. Williams,CHO,-3
2017,"October 14, 2017",Luke Petrasek,CHO,-3
2017,"October 14, 2017",Terry Henderson,CHO,-3
2017,"October 15, 2017",Matt Williams,MIA,-3
2017,"October 16, 2017",Wade Baldwin,MEM,-3
2017,"October 16, 2017",Rade Zagorac,MEM,-3
2017,"October 22, 2017",K.J. McDaniels,TOR,-3
2017,"December 8, 2017",NicolÃ¡s Brussino,ATL,-3
2017,"December 17, 2017",Yakuba Ouattara,BRK,-3
2017,"December 21, 2017",Eric Griffin,UTA,-3
2017,"December 31, 2017",Matt Williams,MIA,-3
2017,"January 13, 2018",Vince Hunter,MEM,-3
2017,"February 8, 2018",A.J. Hammons,MIA,-3
2017,"February 8, 2018",Johnny O'Bryant,NYK,-3
2017,"February 26, 2018",Ersan Ä°lyasova,ATL,-3
2017,"March 10, 2018",Mirza TeletoviÄ,MIL,-3
2017,"March 25, 2018",Jaylen Johnson,CHI,-3
2017,"March 26, 2018",C.J. Fair,CHI,-3
2018,"August 9, 2018",Terry Larrier,DAL,-3
2018,"August 17, 2018",R.J. Hunter,HOU,-3
2018,"September 14, 2018",Scoochie Smith,CLE,-3
2018,"September 14, 2018",Isaac Hamilton,CLE,-3
2018,"September 17, 2018",Jordan Barnett,MIL,-3
2018,"September 17, 2018",Brandon McCoy,MIL,-3
2018,"September 18, 2018",Travis Trice,MIL,-3
2018,"September 19, 2018",JaCorey Williams,CLE,-3
2018,"September 20, 2018",Ike Nwamu,MIL,-3
2018,"September 20, 2018",Robert Johnson,MIL,-3
2018,"September 23, 2018",Olivier Hanlan,SAS,-3
2018,"September 24, 2018",Scottie Lindsey,DET,-3
2018,"September 30, 2018",Brandon Austin,SAC,-3
2018,"October 1, 2018",Justin Bibbs,BOS,-3
2018,"October 2, 2018",Tyrius Walker,NYK,-3
2018,"October 2, 2018",Taren Sullivan,SAC,-3
2018,"October 3, 2018",Trey Lewis,UTA,-3
2018,"October 3, 2018",Phillip Carr,NYK,-3
2018,"October 6, 2018",Marcus Lee,MIA,-3
2018,"October 8, 2018",Codi Miller-McIntyre,DAL,-3
2018,"October 8, 2018",Rob Gray,HOU,-3
2018,"October 8, 2018",Joel Berry,LAL,-3
2018,"October 8, 2018",Jeffrey Carroll,LAL,-3
2018,"October 8, 2018",Ismaila Kane,MEM,-3
2018,"October 9, 2018",Nick King,BOS,-3
2018,"October 9, 2018",Jeff Roberson,BOS,-3
2018,"October 9, 2018",Desi Rodriguez,LAC,-3
2018,"October 10, 2018",Bryce Alford,OKC,-3
2018,"October 10, 2018",K.J. McDaniels,OKC,-3
2018,"October 10, 2018",Richard Solomon,OKC,-3
2018,"October 10, 2018",Levi Randolph,CLE,-3
2018,"October 10, 2018",B.J. Johnson,ORL,-3
2018,"October 10, 2018",Ding Yanyuhang,DAL,-3
2018,"October 11, 2018",Jaylen Barford,CHO,-3
2018,"October 11, 2018",Isaiah Wilkins,CHO,-3
2018,"October 11, 2018",Elijah Stewart,IND,-3
2018,"October 11, 2018",Nuni Omot,BRK,-3
2018,"October 11, 2018",Donte Ingram,DAL,-3
2018,"October 12, 2018",Danuel House,GSW,-3
2018,"October 12, 2018",DJ Hogg,PHI,-3
2018,"October 12, 2018",Matt Farrell,PHI,-3
2018,"October 12, 2018",Devin Davis,ORL,-3
2018,"October 12, 2018",John Petrucelli,ORL,-3
2018,"October 12, 2018",Dez Wells,OKC,-3
2018,"October 12, 2018",Abdul Gaddy,OKC,-3
2018,"October 12, 2018",Brandon McCoy,NOP,-3
2018,"October 12, 2018",Alessandro Gentile,HOU,-3
2018,"October 12, 2018",Johnny Hamilton,DET,-3
2018,"October 12, 2018",Mitch Creek,BRK,-3
2018,"October 13, 2018",Shannon Scott,BRK,-3
2018,"October 13, 2018",R.J. Hunter,ATL,-3
2018,"October 13, 2018",C.J. Anderson,ATL,-3
2018,"October 13, 2018",Zach Smith,CHO,-3
2018,"October 13, 2018",Derrick Walton,CHI,-3
2018,"October 13, 2018",Ãngel RodrÃ­guez,HOU,-3
2018,"October 13, 2018",Doral Moore,MEM,-3
2018,"October 13, 2018",Markel Crawford,MEM,-3
2018,"October 13, 2018",Raphiael Putney,MIA,-3
2018,"October 13, 2018",Jonathan Stark,MIN,-3
2018,"October 13, 2018",Garlon Green,NOP,-3
2018,"October 13, 2018",Jeff Coby,NYK,-3
2018,"October 13, 2018",Braian Angola,ORL,-3
2018,"October 13, 2018",Cameron Reynolds,SAC,-3
2018,"October 13, 2018",Isaac Haas,UTA,-3
2018,"October 13, 2018",Jairus Lyles,UTA,-3
2018,"October 13, 2018",Isaiah Cousins,UTA,-3
2018,"October 13, 2018",Tiwian Kendley,WAS,-3
2018,"October 13, 2018",Darin Johnson,PHI,-3
2018,"October 13, 2018",Tim Bond,HOU,-3
2018,"October 13, 2018",William Lee,MIN,-3
2018,"October 13, 2018",Canyon Barry,MIN,-3
2018,"October 13, 2018",Demetrius Denzel-Dyson,IND,-3
2018,"October 13, 2018",Steph Branch,UTA,-3
2018,"October 13, 2018",Oleksandr Kobets,WAS,-3
2018,"October 14, 2018",Ding Yanyuhang,DAL,-3
2018,"October 15, 2018",Alexis AjinÃ§a,LAC,-3
2018,"October 15, 2018",Manu GinÃ³bili,SAS,-3
2018,"October 21, 2018",Ãmer AÅÄ±k,CHI,-3
2018,"December 2, 2018",Billy Preston,CLE,-3
2018,"December 4, 2018",Danuel House,HOU,-3
2018,"December 30, 2018",D.J. Stephens,MEM,-3
2018,"January 15, 2019",Keenan Evans,DET,-3
2018,"February 7, 2019",Enes Kanter,NYK,-3
2018,"February 7, 2019",MiloÅ¡ TeodosiÄ,LAC,-3
2018,"February 8, 2019",Wade Baldwin,IND,-3
2018,"February 9, 2019",Ãlex Abrines,OKC,-3
2018,"June 28, 2019",Cameron Reynolds,MIN,-3
2019,"July 7, 2019",Dairis BertÄns,NOP,-3
2019,"July 15, 2019",J.R. Smith,CLE,-3
2019,"July 19, 2019",B.J. Johnson,SAC,-3
2019,"August 15, 2019",Tarik Phillip,WAS,-3
2019,"August 15, 2019",Tarik Phillip,WAS,-3
2019,"August 26, 2019",Aric Holman,LAL,-3
2019,"September 3, 2019",Levi Randolph,CLE,-3
2019,"September 24, 2019",Kellen Dunham,WAS,-3
2019,"September 25, 2019",Jeff Ledbetter,SAS,-3
2019,"September 25, 2019",Alex Robinson,CLE,-3
2019,"September 26, 2019",William McDowell-White,HOU,-3
2019,"September 26, 2019",Mike Cobbins,WAS,-3
2019,"September 28, 2019",Bryce Brown,BOS,-3
2019,"September 30, 2019",Matt Farrell,SAS,-3
2019,"September 30, 2019",John Bohannon,BOS,-3
2019,"October 4, 2019",Jordan Caroline,LAL,-3
2019,"October 4, 2019",Sir'Dominic Pointer,CLE,-3
2019,"October 7, 2019",Jorge GutiÃ©rrez,DEN,-3
2019,"October 9, 2019",JaKeenan Gant,IND,-3
2019,"October 11, 2019",Isaiah Pineiro,SAC,-3
2019,"October 11, 2019",Terry Larrier,LAC,-3
2019,"October 11, 2019",James Palmer Jr.,LAC,-3
2019,"October 12, 2019",Trevon Bluiett,UTA,-3
2019,"October 12, 2019",Yudai Baba,DAL,-3
2019,"October 13, 2019",Josh Perkins,CHO,-3
2019,"October 14, 2019",Dedric Lawson,SAS,-3
2019,"October 14, 2019",Jordan Murphy,MIN,-3
2019,"October 14, 2019",Luke Maye,MIL,-3
2019,"October 14, 2019",John Egbunu,BRK,-3
2019,"October 15, 2019",TimothÃ© Luwawu-Cabarrot,CLE,-3
2019,"October 15, 2019",Aric Holman,DAL,-3
2019,"October 15, 2019",David Kramer,PHO,-3
2019,"October 15, 2019",Norense Odiase,PHO,-3
2019,"October 16, 2019",Sagaba Konate,TOR,-3
2019,"October 16, 2019",Phil Booth,WAS,-3
2019,"October 16, 2019",Amir Hinton,NYK,-3
2019,"October 17, 2019",Perrion Callandret,CHI,-3
2019,"October 17, 2019",Todd Withers,DET,-3
2019,"October 17, 2019",Dikembe Dixson,WAS,-3
2019,"October 17, 2019",Galen Robinson Jr.,SAS,-3
2019,"October 17, 2019",Michael Frazier,HOU,-3
2019,"October 17, 2019",Abdul Gaddy,OKC,-3
2019,"October 18, 2019",Zak Irvin,NYK,-3
2019,"October 18, 2019",BJ Taylor,LAC,-3
2019,"October 18, 2019",Isaac Haas,UTA,-3
2019,"October 18, 2019",C.J. Massinburg,BRK,-3
2019,"October 18, 2019",Matt Morgan,TOR,-3
2019,"October 18, 2019",Isaiah Miles,PHI,-3
2019,"October 18, 2019",Christ Koumadje,PHI,-3
2019,"October 19, 2019",Skyler Flatten,MIA,-3
2019,"October 19, 2019",Bubu Palo,MIA,-3
2019,"October 19, 2019",Ahmed Hill,CHO,-3
2019,"October 19, 2019",Shizz Alston Jr.,PHI,-3
2019,"October 19, 2019",Terry Harris,PHI,-3
2019,"October 19, 2019",Jared Brownridge,PHI,-3
2019,"October 19, 2019",Vince Edwards,OKC,-3
2019,"October 19, 2019",Kadeem Jack,OKC,-3
2019,"October 19, 2019",Sedrick Barefield,OKC,-3
2019,"October 19, 2019",Trevor Lacey,MIL,-3
2019,"October 19, 2019",Justin Simon,CHI,-3
2019,"October 19, 2019",Simisola Shittu,CHI,-3
2019,"October 19, 2019",Bennie Boatwright,MEM,-3
2019,"October 19, 2019",Kenny Gabriel,ATL,-3
2019,"October 19, 2019",Mark Ogden Jr.,ATL,-3
2019,"October 19, 2019",Lamar Peters,NYK,-3
2019,"October 19, 2019",V.J. King,NYK,-3
2019,"October 19, 2019",Kenny Wooten,NYK,-3
2019,"October 19, 2019",Marcus Allen,LAL,-3
2019,"October 19, 2019",Jon Davis,ORL,-3
2019,"October 19, 2019",B.J. Johnson,ORL,-3
2019,"October 19, 2019",Chad Brown,DAL,-3
2019,"October 19, 2019",Stephan Hicks,IND,-3
2019,"October 19, 2019",Jalen Adams,NOP,-3
2019,"October 19, 2019",Javon Bess,NOP,-3
2019,"October 19, 2019",Kavell Bigby-Williams,NOP,-3
2019,"October 19, 2019",Matur Maker,HOU,-3
2019,"October 19, 2019",Daulton Hommes,SAS,-3
2019,"October 19, 2019",Nick Zeisloft,GSW,-3
2019,"October 19, 2019",Kavion Pippen,GSW,-3
2019,"October 20, 2019",Justin Bibbs,BOS,-3
2019,"October 20, 2019",Dorian Pickens,BOS,-3
2019,"October 20, 2019",Aubrey Dawkins,NOP,-3
2019,"October 20, 2019",Aaron Epps,PHO,-3
2019,"October 20, 2019",Anthony Lawrence,UTA,-3
2019,"October 20, 2019",Dakarai Allen,DET,-3
2019,"October 20, 2019",Tra-Deon Hollins,DET,-3
2019,"October 20, 2019",Tre'Shawn Thurman,DET,-3
2019,"October 20, 2019",Tyus Battle,MIN,-3
2019,"October 20, 2019",Barry Brown,MIN,-3
2019,"October 21, 2019",Ronshad Shabazz,HOU,-3
2019,"January 12, 2020",C.J. Miles,WAS,-3
2019,"January 12, 2020",Levi Randolph,CLE,-3
2019,"February 6, 2020",Derrick Walton,ATL,-3
2020,"November 19, 2020",Kenny Wooten,NYK,-3
2020,"December 5, 2020",Melvin Frazier,OKC,-3
2020,"December 7, 2020",Lamine Diane,PHI,-3
2020,"December 10, 2020",Quinton Rose,SAC,-3
2020,"December 11, 2020",Kylor Kelley,SAS,-3
2020,"December 11, 2020",Jordan Bowden,BRK,-3
2020,"December 11, 2020",Nate Sestina,BRK,-3
2020,"December 11, 2020",Skal LabissiÃ¨re,NYK,-3
2020,"December 12, 2020",Andrew White,NYK,-3
2020,"December 13, 2020",Tres Tinkle,LAL,-3
2020,"December 14, 2020",LiAngelo Ball,DET,-3
2020,"December 15, 2020",Jahlil Tripp,MEM,-3
2020,"December 16, 2020",Christian Vital,MEM,-3
2020,"December 16, 2020",Paul Eboua,MIA,-3
2020,"December 16, 2020",Breein Tyree,MIA,-3
2020,"December 17, 2020",E.J. Montgomery,MIL,-3
2020,"December 18, 2020",Trevon Bluiett,UTA,-3
2020,"December 18, 2020",Romaro Gill,UTA,-3
2020,"December 18, 2020",Jake Toolson,UTA,-3
2020,"December 18, 2020",Devonte Patterson,DAL,-3
2020,"December 18, 2020",Dwayne Sutton,GSW,-3
2020,"December 18, 2020",Kaleb Wesson,GSW,-3
2020,"December 18, 2020",Vince Edwards,SAC,-3
2020,"December 18, 2020",Yoeli Childs,WAS,-3
2020,"December 18, 2020",Caleb Homesley,WAS,-3
2020,"December 18, 2020",Marlon Taylor,WAS,-3
2020,"December 18, 2020",Rayshaun Hammonds,IND,-3
2020,"December 19, 2020",Frank Mason,PHI,-3
2020,"December 19, 2020",William McDowell-White,HOU,-3
2020,"December 19, 2020",Oshae Brisset,TOR,-3
2020,"December 19, 2020",Tres Tinkle,TOR,-3
2020,"December 19, 2020",Breein Tyree,TOR,-3
2020,"December 19, 2020",Jeff Dowtin,ORL,-3
2020,"December 19, 2020",Elijah Pemberton,GSW,-3
2020,"December 19, 2020",Paul Eboua,BRK,-3
2020,"December 19, 2020",Keandre Cook,CHO,-3
2020,"December 19, 2020",Kahlil Whitney,CHO,-3
2020,"December 19, 2020",Zach Norvell,CHI,-3
2020,"December 19, 2020",Simisola Shittu,CHI,-3
2020,"December 19, 2020",Charles Matthews,CLE,-3
2020,"December 19, 2020",Levi Randolph,CLE,-3
2020,"December 19, 2020",Trey Mourning,HOU,-3
2020,"December 19, 2020",Bennie Boatwright,MEM,-3
2020,"December 19, 2020",B.J. Johnson,MIA,-3
2020,"December 19, 2020",Tony Carr,NOP,-3
2020,"December 19, 2020",Bryce Brown,NYK,-3
2020,"January 17, 2021",AnÅ¾ejs PaseÄÅiks,WAS,-3
2020,"April 13, 2021",Karim ManÃ©,ORL,-3
2020,"September 24, 2021",Matthew Hurt,HOU,-3
2021,"August 4, 2021",Alen SmailagiÄ,GSW,-3
2021,"August 5, 2021",Caleb Homesley,WAS,-3
2021,"September 3, 2021",E.J. Onu,DAL,-3
2021,"September 26, 2021",Charlie Brown,OKC,-3
2021,"September 27, 2021",Anthony Tarke,DET,-3
2021,"October 2, 2021",Nate Renfro,SAS,-3
2021,"October 2, 2021",Aric Holman,SAS,-3
2021,"October 3, 2021",Luka Vildoza,NYK,-3
2021,"October 7, 2021",A.J. Lawson,ATL,-3
2021,"October 8, 2021",D.J. Carton,CHO,-3
2021,"October 9, 2021",Denzel Mahoney,SAS,-3
2021,"October 11, 2021",Luka Å amaniÄ,SAS,-3
2021,"October 11, 2021",Johnny O'Bryant,MIL,-3
2021,"October 11, 2021",Ethan Thompson,CHI,-3
2021,"October 11, 2021",Bryce Brown,BRK,-3
2021,"October 12, 2021",D.J. Steward,SAC,-3
2021,"October 12, 2021",Matt Coleman,SAC,-3
2021,"October 12, 2021",Jeremiah Tilmon,ORL,-3
2021,"October 13, 2021",James Banks III,NOP,-3
2021,"October 13, 2021",Jared Brownridge,PHI,-3
2021,"October 14, 2021",MaCio Teague,UTA,-3
2021,"October 14, 2021",Derrick Alston Jr.,UTA,-3
2021,"October 14, 2021",Jordan Burns,SAS,-3
2021,"October 14, 2021",Damien Jefferson,SAC,-3
2021,"October 14, 2021",Melvin Frazier,OKC,-3
2021,"October 14, 2021",Frank Mason,LAL,-3
2021,"October 14, 2021",Bryce Alford,CHI,-3
2021,"October 14, 2021",Romeo Weems,MEM,-3
2021,"October 15, 2021",Alex AntetoKounmpo,TOR,-3
2021,"October 15, 2021",LiAngelo Ball,CHO,-3
2021,"October 15, 2021",Giorgi Bezhanishvili,DEN,-3
2021,"October 15, 2021",Jordan Bowden,BRK,-3
2021,"October 15, 2021",Marcus Foster,HOU,-3
2021,"October 15, 2021",Johnny Hamilton,ATL,-3
2021,"October 15, 2021",Matt Lewis,MIN,-3
2021,"October 15, 2021",Isaiah Miller,MIN,-3
2021,"October 15, 2021",John Petty Jr.,NOP,-3
2021,"October 15, 2021",Brandon Rachal,BRK,-3
2021,"October 15, 2021",Ibi Watson,ATL,-3
2021,"October 16, 2021",Mitch Ballock,CLE,-3
2021,"October 16, 2021",Troy Baxter Jr.,CHI,-3
2021,"October 16, 2021",Bennie Boatwright,IND,-3
2021,"October 16, 2021",Derek Culver,IND,-3
2021,"October 16, 2021",Jeff Dowtin,ORL,-3
2021,"October 16, 2021",Vince Edwards,MIN,-3
2021,"October 16, 2021",L.J. Figueroa,GSW,-3
2021,"October 16, 2021",Harry Giles,LAC,-3
2021,"October 16, 2021",Matthew Hurt,MEM,-3
2021,"October 16, 2021",Justin Jaworski,OKC,-3
2021,"October 16, 2021",B.J. Johnson,ORL,-3
2021,"October 16, 2021",Nino Johnson,UTA,-3
2021,"October 16, 2021",E.J. Onu,DAL,-3
2021,"October 16, 2021",Devontae Shuler,WAS,-3
2021,"October 16, 2021",Aamir Simms,NYK,-3
2021,"October 16, 2021",D. J. Stewart Jr.,MIA,-3
2021,"October 16, 2021",Breein Tyree,TOR,-3
2021,"October 16, 2021",Christian Vital,HOU,-3
2021,"October 16, 2021",Ishmail Wainright,TOR,-3
2021,"October 16, 2021",M.J. Walker,NYK,-3
2021,"October 18, 2021",Wesley Iwundu,CHO,-3
2021,"December 18, 2021",Danuel House,HOU,-3
2021,"December 21, 2021",Daulton Hommes,NOP,-3
2021,"January 2, 2022",Jeff Dowtin,GSW,-3
2021,"January 13, 2022",Ja'Vonte Smart,MIL,-3
2021,"February 10, 2022",Robert Woodard,SAC,-3
2021,"February 10, 2022",P.J. Dozier,ORL,-3
2021,"February 21, 2022",Dennis Smith,POR,-3
2021,"March 17, 2022",Luka Å amaniÄ,NYK,-3
2021,"April 3, 2022",Chris Smith,DET,-3
2021,"April 7, 2022",RJ Nembhard,CLE,-3
2021,"June 30, 2022",Juan Hernangomez,UTA,-3
2022,"July 5, 2022",Luca Vildoza,MIL,-3
2022,"August 29, 2022",Sviatoslav Mykhailiuk,TOR,-3
2022,"September 12, 2022",DJ Steward,SAC,-3
2022,"September 17, 2022",Alex AntetoKounmpo,MIL,-3
2022,"September 17, 2022",Marcus Zegarowski,BRK,-3
2022,"September 19, 2022",Iverson Molinar,MIL,-3
2022,"September 20, 2022",Chandler Vaudrin,CLE,-3
2022,"September 22, 2022",Bennie Boatwright,IND,-3
2022,"September 23, 2022",M.J. Walker,NYK,-3
2022,"September 23, 2022",Keaton Wallace,LAC,-3
2022,"September 23, 2022",Quinton Rose,NYK,-3
2022,"September 25, 2022",Fabian White Jr.,LAL,-3
2022,"September 25, 2022",Kyler Edwards,DET,-3
2022,"September 25, 2022",Justin Tillman,DEN,-3
2022,"September 26, 2022",Nuni Omot,NYK,-3
2022,"September 26, 2022",Garrison Brooks,NYK,-3
2022,"September 27, 2022",Davion Mintz,WAS,-3
2022,"September 29, 2022",Marcus Zegarowski,BRK,-3
2022,"October 2, 2022",Brandon Rachal,BRK,-3
2022,"October 3, 2022",Trevion Williams,GSW,-3
2022,"October 4, 2022",Lucas Williamson,LAC,-3
2022,"October 4, 2022",Michael Devoe,LAC,-3
2022,"October 4, 2022",Sacha Killeya-Jones,OKC,-3
2022,"October 6, 2022",Isaiah Whaley,CHO,-3
2022,"October 6, 2022",Robert Woodard,OKC,-3
2022,"October 7, 2022",Grant Golden,DEN,-3
2022,"October 7, 2022",Brandon Williams,POR,-3
2022,"October 7, 2022",Wesley Iwundu,POR,-3
2022,"October 7, 2022",Adonis Arms,DEN,-3
2022,"October 8, 2022",Javante McCoy,LAL,-3
2022,"October 8, 2022",Alex Morales,ORL,-3
2022,"October 9, 2022",Tyson Etienne,ATL,-3
2022,"October 9, 2022",Malik Ellison,ATL,-3
2022,"October 10, 2022",John Petty Jr.,NOP,-3
2022,"October 10, 2022",John Butler,NOP,-3
2022,"October 10, 2022",Tommy Kuhse,SAS,-3
2022,"October 10, 2022",Justin Bean,MEM,-3
2022,"October 10, 2022",Justin Smith,PHI,-3
2022,"October 10, 2022",Luka Å amaniÄ,BOS,-3
2022,"October 10, 2022",L.J. Figueroa,LAL,-3
2022,"October 10, 2022",Jaden Shackelford,OKC,-3
2022,"October 11, 2022",Kellan Grady,DEN,-3
2022,"October 11, 2022",A.J. Reeves,BOS,-3
2022,"October 11, 2022",Darryl Morsell,UTA,-3
2022,"October 11, 2022",Bryce Hamilton,LAL,-3
2022,"October 11, 2022",Abdul Gaddy,OKC,-3
2022,"October 12, 2022",Trhae Mitchell,HOU,-3
2022,"October 12, 2022",Jeenathan Williams,UTA,-3
2022,"October 12, 2022",Noah Kirkwood,BRK,-3
2022,"October 12, 2022",Makur Maker,WAS,-3
2022,"October 12, 2022",Drake Jeffries,ORL,-3
2022,"October 12, 2022",D.J. Stewart Jr.,DAL,-3
2022,"October 12, 2022",Marcus Bingham Jr.,DAL,-3
2022,"October 12, 2022",Isaiah Miller,POR,-3
2022,"October 12, 2022",Luca Vildoza,MIL,-3
2022,"October 12, 2022",Ethan Thompson,CHI,-3
2022,"October 12, 2022",Reginald Kissoonlal,BOS,-3
2022,"October 13, 2022",Matthew Hurt,MEM,-3
2022,"October 14, 2022",Gabe Brown,TOR,-3
2022,"October 14, 2022",A.J. Lawson,MIN,-3
2022,"October 14, 2022",Anthony Duruji,CHO,-3
2022,"October 14, 2022",Jaylen Sims,CHO,-3
2022,"October 14, 2022",Wesley Iwundu,SAC,-3
2022,"October 14, 2022",Romeo Weems,MEM,-3
2022,"October 14, 2022",E.J. Onu,MEM,-3
2022,"October 14, 2022",Justin Lewis,CHI,-3
2022,"October 15, 2022",Isaiah Miller,UTA,-3
2022,"October 15, 2022",Christian Vital,TOR,-3
2022,"October 15, 2022",David Johnson,TOR,-3
2022,"October 15, 2022",Ryan Hawkins,TOR,-3
2022,"October 15, 2022",Jalen Adaway,SAS,-3
2022,"October 15, 2022",Alex O'Connell,SAC,-3
2022,"October 15, 2022",Jeriah Horne,SAC,-3
2022,"October 15, 2022",TimothÃ© Luwawu-Cabarrot,PHO,-3
2022,"October 15, 2022",Adonis Arms,PHO,-3
2022,"October 15, 2022",Aminu Mohammed,PHI,-3
2022,"October 15, 2022",Simisola Shittu,ORL,-3
2022,"October 15, 2022",James Akinjo,NYK,-3
2022,"October 15, 2022",Daeqwon Plowden,NOP,-3
2022,"October 15, 2022",Phillip Wheeler,MIN,-3
2022,"October 15, 2022",Matt Lewis,MIN,-3
2022,"October 15, 2022",D.J. Stewart Jr.,MIA,-3
2022,"October 15, 2022",Jon Elmore,MIA,-3
2022,"October 15, 2022",Nate Pierre-Louis,LAL,-3
2022,"October 15, 2022",Bryson Williams,LAC,-3
2022,"October 15, 2022",Jermaine Samuels,IND,-3
2022,"October 15, 2022",Tevin Brown,IND,-3
2022,"October 15, 2022",Eli Brooks,IND,-3
2022,"October 15, 2022",Pierria Henry,HOU,-3
2022,"October 15, 2022",Grant Golden,DEN,-3
2022,"October 15, 2022",RJ Nembhard,CLE,-3
2022,"October 15, 2022",LiAngelo Ball,CHO,-3
2022,"October 15, 2022",Eric Demers,BOS,-3
2022,"October 17, 2022",Marcos Louzada Silva,CLE,-3
2022,"October 28, 2022",Josh Primo,SAS,-3
2022,"December 7, 2022",A.J. Lawson,MIN,-3
2022,"February 9, 2023",Boban MarjanoviÄ,HOU,-3
2022,"February 28, 2023",Juan Hernangomez,TOR,-3
2022,"March 1, 2023",Keaton Wallace,LAC,-3
2023,"July 8, 2023",P.J. Dozier,SAC,-3
2023,"July 18, 2023",Raiquan Gray,BRK,-3
2023,"July 28, 2023",Jeenathan Williams,POR,-3
2023,"August 11, 2023",Brandon McCoy,MIA,-3
2023,"August 31, 2023",Alex AntetoKounmpo,MIL,-3
2023,"September 2, 2023",Iverson Molinar,MIL,-3
2023,"September 6, 2023",Obadiah Noel,NYK,-3
2023,"September 15, 2023",Alex Morales,ORL,-3
2023,"September 18, 2023",Bryce Hamilton,LAL,-3
2023,"September 20, 2023",Javante McCoy,SAS,-3
2023,"September 26, 2023",Marcus Bagley,PHI,-3
2023,"September 27, 2023",Caleb Daniels,MIA,-3
2023,"September 27, 2023",Jon Elmore,MIA,-3
2023,"September 28, 2023",Brandon Slater,BOS,-3
2023,"September 28, 2023",Taylor Funk,BOS,-3
2023,"September 28, 2023",Scottie Lindsey,BRK,-3
2023,"September 28, 2023",Kyler Edwards,BRK,-3
2023,"September 28, 2023",Pedro Bradshaw,IND,-3
2023,"September 28, 2023",Kevin Obanor,TOR,-3
2023,"September 29, 2023",Jaylen Sims,CHO,-3
2023,"September 29, 2023",Angelo Allegri,CHO,-3
2023,"September 29, 2023",Joshua Obiesie,HOU,-3
2023,"September 29, 2023",Darryl Morsell,TOR,-3
2023,"September 29, 2023",Jayce Johnson,,-3
2023,"September 30, 2023",Seth Millner,SAS,-3
2023,"September 30, 2023",Raiquan Gray,SAS,-3
2023,"September 30, 2023",James Akinjo,SAC,-3
2023,"October 1, 2023",Dejan Vasiljevic,WAS,-3
2023,"October 1, 2023",Reggie Bullock,SAS,-3
2023,"October 4, 2023",Kylor Kelley,BOS,-3
2023,"October 6, 2023",Trey McGowens,BRK,-3
2023,"October 6, 2023",Kameron Hankerson,BRK,-3
2023,"October 8, 2023",Keaton Wallace,ATL,-3
2023,"October 8, 2023",Jarkel Joiner,ATL,-3
2023,"October 9, 2023",Malachi Smith,POR,-3
2023,"October 10, 2023",Brandon Randolph,ATL,-3
2023,"October 10, 2023",Antoine Davis,POR,-3
2023,"October 11, 2023",Chase Audige,WAS,-3
2023,"October 11, 2023",Nick Ongenda,UTA,-3
2023,"October 11, 2023",Taevion Kinsey,UTA,-3
2023,"October 12, 2023",Erik Stevenson,SAS,-3
2023,"October 12, 2023",Joey Hauser,UTA,-3
2023,"October 12, 2023",Liam Robbins,NOP,-3
2023,"October 13, 2023",Armaan Franklin,DEN,-3
2023,"October 13, 2023",Souley Boum,DEN,-3
2023,"October 13, 2023",Max Heidegger,CHI,-3
2023,"October 14, 2023",Jordan Walker,DAL,-3
2023,"October 14, 2023",Mike Miles Jr.,DAL,-3
2023,"October 14, 2023",David Singleton,ATL,-3
2023,"October 16, 2023",Landers Nolley II,NOP,-3
2023,"October 16, 2023",Matthew Hurt,MEM,-3
2023,"October 16, 2023",Vincent Valerio-Bodon,LAL,-3
2023,"October 16, 2023",Damion Baugh,LAL,-3
2023,"October 16, 2023",Javan Johnson,GSW,-3
2023,"October 16, 2023",Kendric Davis,GSW,-3
2023,"October 17, 2023",Matthew Mayer,HOU,-3
2023,"October 17, 2023",Keshawn Justice,UTA,-3
2023,"October 17, 2023",Michael Devoe,UTA,-3
2023,"October 18, 2023",Jaylen Martin,NYK,-3
2023,"October 18, 2023",Drew Timme,MIL,-3
2023,"October 18, 2023",Omari Moore,MIL,-3
2023,"October 18, 2023",Jazian Gortman,MIL,-3
2023,"October 18, 2023",Reid Travis,IND,-3
2023,"October 18, 2023",Darius McGhee,IND,-3
2023,"October 18, 2023",Kyle Mangas,IND,-3
2023,"October 18, 2023",Yuri Collins,GSW,-3
2023,"October 18, 2023",Au'Diese Toney,DEN,-3
2023,"October 18, 2023",Kahlil Whitney,CHI,-3
2023,"October 19, 2023",KJ Williams,OKC,-3
2023,"October 19, 2023",Hunter Maldonado,OKC,-3
2023,"October 19, 2023",Kihei Clark,MIL,-3
2023,"October 20, 2023",Makur Maker,TOR,-3
2023,"October 20, 2023",Jake Stephens,SAC,-3
2023,"October 20, 2023",Dane Goodwin,SAC,-3
2023,"October 20, 2023",George Conditt IV,POR,-3
2023,"October 20, 2023",Jaden Shackelford,OKC,-3
2023,"October 20, 2023",Caleb McConnell,OKC,-3
2023,"October 20, 2023",D.J. Carton,MIN,-3
2023,"October 20, 2023",Bryson Williams,LAL,-3
2023,"October 20, 2023",Bryce Wills,DEN,-3
2023,"October 20, 2023",D.J. Steward,BOS,-3
2023,"October 20, 2023",Reggie Kissoonlal,BOS,-3
2023,"October 20, 2023",James Banks,BOS,-3
2023,"October 20, 2023",John Butler,POR,-3
2023,"October 21, 2023",Gabe Kalscheur,WAS,-3
2023,"October 21, 2023",Isaiah Miller,UTA,-3
2023,"October 21, 2023",Jeff Dowtin,TOR,-3
2023,"October 21, 2023",Kevin Knox,POR,-3
2023,"October 21, 2023",Jared Brownridge,PHI,-3
2023,"October 21, 2023",Daeqwon Plowden,ORL,-3
2023,"October 21, 2023",Tevian Jones,NOP,-3
2023,"October 21, 2023",Javonte Cooke,MIN,-3
2023,"October 21, 2023",David Johnson,MEM,-3
2023,"October 21, 2023",Adonis Arms,MEM,-3
2023,"October 21, 2023",Joey Hauser,LAC,-3
2023,"October 21, 2023",Ryan Turell,DET,-3
2023,"October 21, 2023",Nate Roberts,DET,-3
2023,"October 21, 2023",Devontae Shuler,CLE,-3
2023,"October 21, 2023",Justin Powell,CLE,-3
2023,"October 21, 2023",R.J. Hunter,CHO,-3
2023,"October 21, 2023",Terrell Brown Jr.,CHO,-3
2023,"October 21, 2023",Patrick Gardner,BRK,-3
2023,"October 22, 2023",Omari Moore,TOR,-3
2023,"October 25, 2023",Azuolas Tubelis,PHI,-3
2023,"December 7, 2023",John Butler,WAS,-3
2023,"December 14, 2023",Sir'Jabari Rice,SAS,-3
2023,"December 15, 2023",Justin Lewis,CHI,-3
2023,"December 18, 2023",Kenny Lofton Jr.,MEM,-3
2023,"December 22, 2023",Jaylen Martin,NYK,-3
2023,"December 22, 2023",Miles Norris,ATL,-3
2023,"December 29, 2023",Charles Bediako,SAS,-3
2023,"February 8, 2024",Danuel House,DET,-3
2023,"February 8, 2024",Harry Giles,BRK,-3
2023,"February 9, 2024",Kevin Knox,UTA,-3
2023,"February 29, 2024",Marcus Morris,SAS,-3
2023,"March 1, 2024",Kenny Lofton Jr.,PHI,-3
2023,"March 2, 2024",Nate Mensah,CHO,-3
2023,"March 12, 2024",Taevion Kinsey,UTA,-3
